{"accuracy": [0.6017037034034729, 0.8578006625175476, 0.9145520925521851, 0.9420316219329834, 0.9535101652145386, 0.9667812585830688, 0.9726191759109497, 0.9768784046173096, 0.9793615937232971, 0.983703076839447], "loss": [1.3389941453933716, 0.4464402198791504, 0.26389220356941223, 0.17573679983615875, 0.14174768328666687, 0.10206694155931473, 0.08566047251224518, 0.06964694708585739, 0.06390812993049622, 0.050821855664253235], "val_accuracy": [0.8549423217773438, 0.9022024273872375, 0.9282904863357544, 0.9524776935577393, 0.9531331658363342, 0.9222601056098938, 0.9520844221115112, 0.9600157141685486, 0.9609333872795105, 0.9707000255584717], "val_loss": [0.45757684111595154, 0.30586931109428406, 0.21586477756500244, 0.15175405144691467, 0.14533750712871552, 0.26408469676971436, 0.15264375507831573, 0.1263134926557541, 0.12353391945362091, 0.10841690748929977]}